,acc,f1,auc,tau
e5-base,0.702390145247288,0.6611594272561658,0.7668564668293666,0.47767204296259563
e5-large,0.7432340503769075,0.7284898651063064,0.7799023660270272,0.5363923742992182
gte-large,0.7079334436477295,0.6789147184628739,0.7575054625190127,0.5177677002563963
gte-base,0.7840136054421769,0.7773660346077573,0.8283307538592093,0.532468728815147
